{"cameraMode":{"drawMode":0,"name":"Shaded","section":"Shading Mode"},"sceneLighting":false,"audioPlay":false,"sceneViewState":{"showFog":true,"showMaterialUpdate":false,"showSkybox":true,"showFlares":true,"showImageEffects":true,"showParticleSystems":true},"in2DMode":false,"pivot":{"x":-0.099365234375,"y":0.1527099609375,"z":3.215576171875},"rotation":{"x":0.2859620749950409,"y":0.421146959066391,"z":-0.14185279607772828,"w":0.8489633798599243},"size":2.0419700145721437,"orthographic":true}