{"cameraMode":{"drawMode":0,"name":"Shaded","section":"Shading Mode"},"sceneLighting":false,"audioPlay":false,"sceneViewState":{"showFog":true,"showMaterialUpdate":false,"showSkybox":true,"showFlares":true,"showImageEffects":true,"showParticleSystems":true},"in2DMode":false,"pivot":{"x":3.4258151054382326,"y":2.59442138671875,"z":16.393980026245118},"rotation":{"x":-0.48011571168899538,"y":-0.1651710420846939,"z":0.09258472919464112,"w":-0.8565253019332886},"size":17.654863357543947,"orthographic":false}