{"cameraMode":{"drawMode":0,"name":"Shaded","section":"Shading Mode"},"sceneLighting":false,"audioPlay":false,"sceneViewState":{"showFog":true,"showMaterialUpdate":false,"showSkybox":true,"showFlares":true,"showImageEffects":true,"showParticleSystems":true},"in2DMode":false,"pivot":{"x":-8.243642807006836,"y":0.1991729736328125,"z":3.7160112857818605},"rotation":{"x":0.04113876447081566,"y":0.10918768495321274,"z":-0.0045225233770906929,"w":0.9931592345237732},"size":40.94865798950195,"orthographic":true}