{"cameraMode":{"drawMode":0,"name":"Shaded","section":"Shading Mode"},"sceneLighting":false,"audioPlay":false,"sceneViewState":{"showFog":true,"showMaterialUpdate":false,"showSkybox":true,"showFlares":true,"showImageEffects":true,"showParticleSystems":true},"in2DMode":false,"pivot":{"x":-1.7881393432617188e-7,"y":-0.2500002384185791,"z":2.999999761581421},"rotation":{"x":0.4018228352069855,"y":-0.44259700179100039,"z":0.23286890983581544,"w":0.7670843601226807},"size":1.8245198726654053,"orthographic":false}