{"cameraMode":{"drawMode":0,"name":"Shaded","section":"Shading Mode"},"sceneLighting":false,"audioPlay":false,"sceneViewState":{"showFog":true,"showMaterialUpdate":false,"showSkybox":true,"showFlares":true,"showImageEffects":true,"showParticleSystems":true},"in2DMode":false,"pivot":{"x":3.000000238418579,"y":0.619755744934082,"z":2.113999843597412},"rotation":{"x":0.8209401369094849,"y":0.032420672476291659,"z":-0.04684428870677948,"w":0.5681653618812561},"size":6.171762943267822,"orthographic":true}