{"cameraMode":{"drawMode":0,"name":"Shaded","section":"Shading Mode"},"sceneLighting":true,"audioPlay":false,"sceneViewState":{"showFog":true,"showMaterialUpdate":false,"showSkybox":true,"showFlares":true,"showImageEffects":true,"showParticleSystems":true},"in2DMode":false,"pivot":{"x":0.9898014664649963,"y":0.2509559392929077,"z":0.0},"rotation":{"x":0.3473675549030304,"y":-0.640593409538269,"z":0.4006284177303314,"w":0.5554031729698181},"size":3.3829898834228517,"orthographic":true}