{"cameraMode":{"drawMode":0,"name":"Shaded","section":"Shading Mode"},"sceneLighting":false,"audioPlay":false,"sceneViewState":{"showFog":true,"showMaterialUpdate":false,"showSkybox":true,"showFlares":true,"showImageEffects":true,"showParticleSystems":true},"in2DMode":false,"pivot":{"x":-0.42868709564208987,"y":0.0,"z":5.781713485717773},"rotation":{"x":0.3485298454761505,"y":-0.2921614348888397,"z":0.11530598253011704,"w":0.8831042647361755},"size":40.76313781738281,"orthographic":true}